MSKU,FNSKU,ASIN
UBC0171F63T08980000K01,X0022P8HWP,B07PC3DQ1Q
UBC0171S45T00200000K01,X0022NED7P,B07P7S6M2D
UBC0171F39T00170310K01,X0022Q73UL,B07P9X5S5Z
UBC0171F45T00200000K01,X0022P8KDV,B07PC3C7MC
UBC0171F54T08980000K01,X0022Q73V5,B07P5PVY9Q
UBC0171S48T00170310K01,X0022P8L71,B07P7S651F
UBC0171S48T00170000K01,X0022P8EA5,B07P8WZTG3
UBC0171S42T00190000K01,X0022P8HWF,B07P5PW971
UBC0171F39T00200000K01,X0022Q773J,B07P9WGMND
UBC0171F48T00200000K01,X0022P8M9N,B07P8X265M
UBC0171F48T00190000K01,X0022R26UR,B07P8WHNS1
UBC0171F63T00060000K01,X0022Q73U1,B07P7S5RTJ
UBC0171S45T00170000K01,X0022P8EAZ,B07P7S5WR5
UBC0171S39T00200000K01,X0022P8EB9,B07P6N54BY
UBC0171S39T00170310K01,X0022Q7743,B07P6N6BZ6
UBC0171F60T00200000K01,X0022Q773T,B07P5PTC5M
UBC0171F57T00250190K01,X0022Q73UB,B07P6N6JJP
UBC0171F45T00060000K01,X0022P8MIJ,B07P7S65JM
UBC0171F54T00170310K01,X0022NEDB1,B07P6N6BD1
UBC0171F42T00190000K01,X0022P8MIT,B07P8X1Z4K
UBC0171F60T00060000K01,X0022NEDAR,B07P9W64BY
UBC0171F63T00250190K01,X0022P8M9D,B07P9TB79Q
UBC0171S42T00170310K01,X0022Q774D,B07P9X2H8K
UBC0171F63T00190000K01,X0022P8MJ3,B07P8WZVG2
UBC0171F60T00250190K01,X0022R26V1,B07P9W21MW
UBC0171F39T08980000K01,X0022Q71CB,B07P5PVW56
UBC0171F45T00170310K01,X0022NE9LP,B07P8WTR2P
UBC0171F39T00250190K01,X0022R2CAV,B07P9VW48N
UBC0171S42T00060000K01,X0022NE9LZ,B07P5PWD1Z
UBC0171S39T00170000K01,X0022NEDS9,B07P6N5S6C
UBC0171S45T00250190K01,X0022P8MJN,B07P6N5HQ9
UBC0171F57T00190000K01,X0022P8KFJ,B07P6LGFXY
UBC0171S48T00190000K01,X0022NEA4B,B07P6N6BZ7
UBC0171F42T00250190K01,X0022NEDBL,B07P8WWMYJ
UBC0171S39T08980000K01,X0022P8M9X,B07P7S64QR
UBC0171F48T08980000K01,X0022P8KFT,B07P9XGK6T
UBC0171F45T00250190K01,X0022P8KG3,B07P7S615N
UBC0171F54T01040000K01,X0022NEDC5,B07P7S657G
UBC0171F42T00170310K01,X0022NEA4L,B07P5PW22W
UBC0171F60T00170310K01,X0022NEDBV,B07P8VFY7H
UBC0171F48T00170310K01,X0022NEC8P,B07P6N6CKJ
UBC0171S42T00250190K01,X0022P881Z,B07P6N6MJZ
UBC0171F48T00060000K01,X0022P8829,B07P6N6JPD
UBC0171F57T01040000K01,X0022Q72CZ,B07P6N6FMJ
UBC0171F39T00060000K01,X0022P8KGX,B07P9WJL6G
UBC0171F54T00170000K01,X0022OD2NZ,B07P6N62WH
UBC0171F63T00200000K01,X0022NEC99,B07P8W6K8W
UBC0171F45T00190000K01,X0022NEC8Z,B07P6N6J3Z
UBC0171F51T00190000K01,X0022NEDST,B07P8X2DP5
UBC0171F48T00170000K01,X0022NEDCF,B07P6N6MK1
UBC0171F48T00250190K01,X0022OD5M3,B07P6LGSJF
UBC0171F60T01040000K01,X0022OD5MN,B07P9TSRMK
UBC0171F51T01040000K01,X0022OD2OT,B07P8WNYNN
UBC0171F42T08980000K01,X0022OD2WV,B07P7S6GF9
UBC0171S42T08980000K01,X0022OD2X5,B07P6N5MTQ
UBC0171F57T00170310K01,X0022OD5MD,B07P8X3FFY
UBC0171S45T00060000K01,X0022NEDTD,B07P6N6LTP
UBC0171F54T00200000K01,X0022Q71BR,B07P5PW1ZK
UBC0171F51T00060000K01,X0022Q7275,B07P8WSS8Q
UBC0171F60T08980000K01,X0022P8K8L,B07P5PW2CC
UBC0171F42T00060000K01,X0022S1TDL,B07P9XVQBX
UBC0171F42T00170000K01,X0022OD5MX,B07P8X3HKL
UBC0171F57T00170000K01,X0022OD2XF,B07P7S59LG
UBC0171F42T00200000K01,X0022P8K8V,B07P5PW1ZJ
UBC0171F42T01040000K01,X0022S1UNP,B07P6N6C6D
UBC0171F39T01040000K01,X0022S1TDB,B07P9TNRS6
UBC0171F63T00170310K01,X0022S1UNF,B07P7S5RTH
UBC0171F54T00250190K01,X0022Q727F,B07P5PW1F7
UBC0171F57T00060000K01,X0022P8K8B,B07P9YD798
UBC0171S45T00190000K01,X0022S1TCR,B07P9TFHNS
UBC0171S42T00170000K01,X0022S1TD1,B07P6N6955
UBC0171F57T08980000K01,X0022OD2A3,B07P5PW75G
UBC0171S45T01040000K01,X0022OD68B,B07P8X2LM1
UBC0171F60T00170000K01,X0022R2CBZ,B07P9X75C9
UBC0171S39T00060000K01,X0022R2VH5,B07P8X218T
UBC0171F63T01040000K01,X0022OD68V,B07P9TCDSN
UBC0171F51T00170000K01,X0022OD2AD,B07P8W5HNP
UBC0171F48T01040000K01,X0022R2CBP,B07P5PV95W
UBC0171S39T00250190K01,X0022P8J0F,B07P7S516J
UBC0171S42T01040000K01,X0022OD69F,B07P9TNRS7
UBC0171F45T01040000K01,X0022P8J0P,B07P5PVXBT
UBC0171F51T00200000K01,X0022Q7739,B07P8X3916
UBC0171F45T08980000K01,X0022P8J05,B07P6N6MNC
UBC0171F45T00170000K01,X0022OD29T,B07P8WX5GS
UBC0171S45T00170310K01,X0022OD69P,B07P7S6K64
UBC0171F51T08980000K01,X0022NED6L,B07P6N6B5T
UBC0171S42T00200000K01,X0022OD58H,B07P5PV89C
UBC0171F57T00200000K01,X0022NE9IN,B07P5PV28N
UBC0171S39T00190000K01,X0022S1UOT,B07P9T3QLH
UBC0171F54T00060000K01,X0022S1UP3,B07P9VLCH3
UBC0171F60T00190000K01,X0022NED75,B07P7S38SK
UBC0171F51T00170310K01,X0022NED6V,B07P7S5JMX
UBC0171S48T00060000K01,X0022S1TEF,B07P8WDRC7
UBC0171F51T00250190K01,X0022S1UOJ,B07P6N6J98
UBC0171F39T00190000K01,X0022P8EH3,B07P5PW7G4
UBC0171F54T00190000K01,X0022NED7F,B07P9V1TN5
UBC0171F39T00170000K01,X0022OD58R,B07P5PVZ12
UBC0171F63T00170000K01,X0022OD591,B07P9Y65KS
UBC0171S45T08980000K01,X0022S1TE5,B07P9WLB2T
UBC0171S39T01040000K01,X0022P8J0Z,B07P8X37BQ
UBC0173F51T00310000K01,X0022OD87F,B07P7S3PJH
UBC0171S57T00250190K01,X0022P8MI9,B07P8X3HKM
UBC0173F42T00310000K01,X0022Q70X1,B07P6N3SJ6
UBC0171S54T00170310K01,X0022OD59B,B07P9VV5S8
UBC0171S54T01040000K01,X0022P8EAF,B07P7S684S
UBC0171S63T00060000K01,X0022P8M8T,B07P5PV18F
UBC0171S51T00200000K01,X0022P8M93,B07P6N6QCB
UBC0171S63T00200000K01,X0022NED7Z,B07P8WV4MC
UBC0173F57T00020000K01,X0022OD87P,B07P9ZLVKW
UBC0171S57T08980000K01,X0022P8MHP,B07P6LGSJD
UBC0171S51T00060000K01,X0022OD59L,B07P8WVQLP
UBC0173F48T00250190K01,X0022R2KFN,B07P6N4B94
UBC0173F48T00310000K01,X0022P8LPD,B07P7S3RGD
UBC0171S57T00060000K01,X0022P8KF9,B07P7S6C7J
UBC0173F51T01040000K01,X0022NEH8P,B07P9X8MGQ
UBC0173F48T01040000K01,X0022P8LPN,B07P7S384L
UBC0171S60T00170000K01,X0022P8MJD,B07P9VV7S8
UBC0173F51T00020000K01,X0022OD87Z,B07P9SZ752
UBC0173F51T00250190K01,X0022Q70VX,B07P7S3Y7D
UBC0171S60T01040000K01,X0022R26VB,B07P6N4STL
UBC0173F39T01110000K01,X0022P8LOT,B07P5PSMQ1
UBC0173F51T00140000K01,X0022NEH8Z,B07P6N4B93
UBC0173F39T00150000K01,X0022NEFEL,B07P7S3SVH
UBC0171S57T00200000K01,X0022Q71HV,B07P6N5S6B
UBC0173F48T00190000K01,X0022OD7X5,B07P5PSQ11
UBC0173F54T00020000K01,X0022NEICF,B07P5PSQVP
UBC0171S63T00190000K01,X0022P8HWZ,B07P7S67XC
UBC0173F39T00250190K01,X0022NEFEV,B07P7S424S
UBC0173F42T01040000K01,X0022NEJER,B07P5PT14L
UBC0171S57T01040000K01,X0022NEA3H,B07P9XMPFM
UBC0173F39T01040000K01,X0022OD7FX,B07P5PSQ2F
UBC0171S63T01040000K01,X0022R2CB5,B07P5PW4Q7
UBC0171S48T08980000K01,X0022NEB63,B07P7S69VC
UBC0173F39T00140000K01,X0022S1VNT,B07P8WY6LQ
UBC0171S48T00250190K01,X0022P8MJX,B07P7S6CWY
UBC0171S51T01040000K01,X0022P8KGD,B07P6N5NCX
UBC0171S57T00170310K01,X0022NEDBB,B07P9TL4FV
UBC0173F54T00310000K01,X0022NEFFF,B07P9VL7RX
UBC0173F57T01110000K01,X0022P8LQ7,B07P8WMXG7
UBC0173F57T00150000K01,X0022P8PPT,B07P8WHJXY
UBC0171S54T00200000K01,X0022NEDRZ,B07P9VQ1TM
UBC0171S48T00200000K01,X0022P8JTV,B07P9VHSVX
UBC0173F42T00150000K01,X0022NEHK3,B07P7S3LY9
UBC0173F54T00190000K01,X0022R1O3R,B07P8WLX4Q
UBC0173F39T00310000K01,X0022P8LPX,B07P9XY11P
UBC0173F45T00150000K01,X0022P8PQ3,B07P9T9KV3
UBC0173F57T00140000K01,X0022NEFG9,B07P9T4XSW
UBC0171S48T01040000K01,X0022NEDSJ,B07P7S6G76
UBC0173F45T00140000K01,X0022R1O37,B07P8WZDFS
UBC0173F57T00250190K01,X0022P8OY1,B07P5PSNJN
UBC0171S57T00170000K01,X0022P8KGN,B07P8X3F7B
UBC0173F42T00020000K01,X0022NEHKN,B07P5PSSJ4
UBC0171S57T00190000K01,X0022Q71C1,B07P9TCDSM
UBC0173F54T01110000K01,X0022OD7YT,B07P9TNDPC
UBC0171S63T00170000K01,X0022OD2OJ,B07P6N6MZ5
UBC0171S60T08980000K01,X0022S1UO9,B07P5PWB82
UBC0173F54T00250190K01,X0022Q6O33,B07P7S3SM3
UBC0171S51T00250190K01,X0022OD5N7,B07P8VGR5K
UBC0173F45T00250190K01,X0022P8OYL,B07P5PS7VH
UBC0173F57T01040000K01,X0022Q7A4P,B07P8WZWM9
UBC0171S60T00250190K01,X0022OD5NH,B07P7S68NY
UBC0173F48T00020000K01,X0022Q7A59,B07P6N428H
UBC0173F57T00310000K01,X0022S1W9H,B07P8WZVD6
UBC0173F39T00020000K01,X0022NEGSB,B07P9TYGLD
UBC0173F42T00250190K01,X0022Q6O3D,B07P6N43RD
UBC0173F45T01110000K01,X0022R1OO1,B07P8WJ5NY
UBC0171S60T00200000K01,X0022R2VHF,B07P8X223X
UBC0173F54T00140000K01,X0022OD8LV,B07P6N43KY
UBC0171S51T00170310K01,X0022R2CC9,B07P9VGVVY
UBC0173F42T00190000K01,X0022OD8M5,B07P6N32GJ
UBC0173F45T00020000K01,X0022S1VX9,B07P7S32GX
UBC0171S54T00170000K01,X0022OD5NR,B07P9W4VK4
UBC0173F39T00190000K01,X0022NEGT5,B07P8VZWJK
UBC0173F45T00310000K01,X0022S1UDZ,B07P7S3ZK1
UBC0173F54T00150000K01,X0022S1UE9,B07P6M3JKP
UBC0171S54T00060000K01,X0022OD6A9,B07P9TZ6J1
UBC0171S60T00170310K01,X0022OD68L,B07P8WMGQS
UBC0173F48T00140000K01,X0022R2KF3,B07P8WVGRS
UBC0171S51T08980000K01,X0022OD29J,B07P6N68MD
UBC0171S51T00170000K01,X0022OD6AJ,B07P9Y3JJQ
UBC0173F42T00140000K01,X0022ODA73,B07P8WXTWR
UBC0173F42T01110000K01,X0022OD69Z,B07P9TNDPB
UBC0171S63T00170310K01,X0022OD587,B07P9TNRS8
UBC0173F48T00150000K01,X0022Q7A6N,B07P5PSMQ2
UBC0171S63T00250190K01,X0022NED6B,B07P9Y4S7Q
UBC0171S54T00190000K01,X0022S1TEP,B07P9T5LYR
UBC0173F54T01040000K01,X0022NEEZ1,B07P6N3VZD
UBC0171S63T08980000K01,X0022Q727P,B07P9W7N35
UBC0173F45T01040000K01,X0022Q6O3N,B07P8WZ6Z4
UBC0173F48T01110000K01,X0022Q7A5J,B07P7S299J
UBC0173F57T00190000K01,X0022Q6O3X,B07PC3FTKR
UBC0171S60T00190000K01,X0022P8HVV,B07P8WMGQT
UBC0171S51T00190000K01,X0022OD3LV,B07P8WH4PM
UBC0171S54T08980000K01,X0022NE9IX,B07P9TL4FW
UBC0173F45T00190000K01,X0022Q7A63,B07P5PSSDR
UBC0173F51T01110000K01,X0022NEEZB,B07P6N46J4
UBC0171S60T00060000K01,X0022S1TDV,B07P5PW96Z
UBC0173F51T00150000K01,X0022NEEZL,B07P7S3SFK
UBC0173F51T00190000K01,X0022Q6O4H,B07P7S1RBS
UBC0171S54T00250190K01,X0022S1UNZ,B07P5PW1ZL
UMC0171F39T00170000K01,X0022R2QKR,B07P5PXXBD
UMC0171F54T00170000K01,X0022Q6VDV,B07P6N8C6Q
UBC0173S45T00020000K01,X0022NEEZV,B07P8X15S3
UBC0173F63T00150000K01,X0022Q70WR,B07P5PSSDP
UMC0171F48T00250190K01,X0022Q6KX7,B07P5PXXMQ
UBC0173S48T01040000K01,X0022NEG63,B07P5PSNKS
UBC0173S57T01040000K01,X0022P8LOJ,B07P8WZQWN
UBC0173F63T00020000K01,X0022NEG5T,B07P8TFX7G
UBC0173S60T01040000K01,X0022Q774N,B07P9ZNTZC
UBC0173S45T01040000K01,X0022OD86V,B07P9VHYFL
UBC0173S48T00190000K01,X0022R1O2D,B07P5PSNKT
UBC0173S54T00140000K01,X0022NEG6D,B07P5PSJ86
UBC0173S39T00250190K01,X0022R1O23,B07P7S3VN3
UBC0173S39T00020000K01,X0022NEIC5,B07P6LGFM6
UBC0173S39T00140000K01,X0022OD7G7,B07P5PSMZM
UBC0173S42T00190000K01,X0022NEIBV,B07P9TTM21
UBC0173S45T00150000K01,X0022Q70W7,B07P9TK93R
UMC0171F48T00170000K01,X0022OCZNX,B07P6N8JGP
UBC0173F63T01110000K01,X0022NEHQH,B07P7S3TQH
UBC0173S54T00020000K01,X0022NEG6N,B07P9SSK48
UBC0173S48T00140000K01,X0022NEFEB,B07P5PSKM3
UBC0173F63T00190000K01,X0022R2KG7,B07P5PSH81
UBC0173F60T00190000K01,X0022R2KFX,B07P7S3TJ4
UBC0173S48T00310000K01,X0022NEG77,B07P9XD81T
UBC0173S57T00190000K01,X0022OD889,B07P7S3WNM
UBC0173S63T00140000K01,X0022NEG6X,B07P5PSV17
UBC0173F63T00310000K01,X0022P8QIZ,B07P6N42C5
UBC0173S54T00190000K01,X0022P8LP3,B07P9TNLVN
UBC0173S60T00020000K01,X0022R2KFD,B07P6N3CXF
UBC0173S60T00250190K01,X0022NEFF5,B07P9WTN45
UBC0173S42T00150000K01,X0022Q70WH,B07P9SSYT2
UBC0173S57T00310000K01,X0022Q6TYH,B07P8WZDFR
UBC0173S51T00310000K01,X0022OD7XF,B07P6N472Z
UMC0171F45T00170000K01,X0022NE93X,B07P9VTFCF
UBC0173S63T00190000K01,X0022S1VO3,B07P5PT1BK
UBC0173S57T00020000K01,X0022S1UDF,B07P9SW96B
UBC0173S48T00250190K01,X0022NEJFB,B07P9WBV9L
UBC0173F63T01040000K01,X0022S1VNJ,B07P5PSJMC
UBC0173S39T00150000K01,X0022P8LQH,B07P6N3DF9
UBC0173S60T00190000K01,X0022R1O3H,B07P5PSSDQ
UBC0173S45T00140000K01,X0022NEFFP,B07P9XHJT4
UBC0173F60T00150000K01,X0022OD7XP,B07P9XTQHN
UBC0173S51T01040000K01,X0022S1UCV,B07P9VNGKR
UBC0173S54T01040000K01,X0022S1UD5,B07P8WZYF4
UMC0171F39T00250190K01,X0022R2IUZ,B07P9WVJDQ
UBC0173S39T00190000K01,X0022NEFFZ,B07P9VHYFM
UBC0173S48T01110000K01,X0022S1UCL,B07P5PSS6Q
UBC0173S60T00140000K01,X0022R1O2X,B07P5PSQJP
UBC0173F60T00140000K01,X0022NEHKD,B07P5PSBRV
UBC0173S48T00150000K01,X0022S1UCB,B07P8WZ3JC
UBC0173S45T00250190K01,X0022OD9UL,B07P8WZN89
UBC0173S42T00310000K01,X0022R1O2N,B07P9ZM558
UBC0173S54T01110000K01,X0022S1UBR,B07P6N441X
UBC0173S51T00150000K01,X0022S1UC1,B07P9THJZT
UBC0173S57T00250190K01,X0022OD7YJ,B07P7S3SM2
UBC0173S39T01110000K01,X0022P8OZ5,B07P5N4B7J
UMC0171F51T00250190K01,X0022R2625,B07P5PXRWX
UBC0173F63T00140000K01,X0022NEGS1,B07P5PSH5P
UBC0173S51T00020000K01,X0022P8J6T,B07P5PSXT7
UBC0173S48T00020000K01,X0022Q6O2T,B07P6N4B1J
UBC0173S54T00310000K01,X0022P8J73,B07P6N428G
UBC0173S51T00190000K01,X0022OD9UV,B07P5PRZJ9
UBC0173S42T00140000K01,X0022NEF05,B07P5PSPBB
UMC0171F51T00170000K01,X0022OCZZV,B07P8WX4LV
UBC0173S45T01110000K01,X0022Q7BOJ,B07P9V81G4
UBC0173F60T01110000K01,X0022Q703B,B07P6N3YDK
UBC0173S45T00310000K01,X0022P8OYB,B07P8WXTWS
UBC0173S51T00140000K01,X0022NEJ8D,B07P8WNNJF
UBC0173S57T01110000K01,X0022Q6N9N,B07P5PSJ9D
UBC0173S63T00250190K01,X0022R2XLJ,B07P7S3R2T
UBC0173S63T00310000K01,X0022ODA69,B07P7S3Y7F
UBC0173S51T00250190K01,X0022NEJ8N,B07P7S3L85
UMC0171F42T00250190K01,X0022OD0UF,B07P6N8NCK
UBC0173S45T00190000K01,X0022S1UUX,B07P6N49QR
UBC0173S63T00150000K01,X0022P8OZF,B07P8WZN8B
UBC0173S39T01040000K01,X0022Q7CXJ,B07P6N424Q
UBC0173F60T00310000K01,X0022S1W97,B07P8WVGRR
UMC0171F42T00170000K01,X0022P8H43,B07P6N7TRT
UBC0173F63T00250190K01,X0022NEGSV,B07P6N486G
UBC0173S51T01110000K01,X0022ODA6J,B07P5PSKFS
UBC0173S57T00150000K01,X0022S1UUN,B07P8WYCTL
UBC0173S42T00020000K01,X0022Q74RX,B07P6N443N
UBC0173F60T00020000K01,X0022S1VOD,B07P9SZ753
UBC0173S60T00310000K01,X0022P8OYV,B07P8WVPS8
UBC0173S42T00250190K01,X0022Q6O2J,B07P7S2X7J
UBC0173S42T01110000K01,X0022P8J7D,B07P5PSLHM
UBC0173S60T00150000K01,X0022NEGTF,B07P5PSWNG
UBC0173F60T00250190K01,X0022S1UDP,B07P9VG68W
UBC0173S63T00020000K01,X0022Q6O4R,B07P5PSYP4
UBC0173S42T01040000K01,X0022Q7A6D,B07P5PSW61
UBC0173F60T01040000K01,X0022ODA6T,B07P5PSJ85
UBC0173S63T01040000K01,X0022NEGTP,B07P6N466C
UBC0173S54T00250190K01,X0022R2KEJ,B07P8WWN9G
UMC0171F45T00250190K01,X0022NE86V,B07P7S8LDR
UBC0173S57T00140000K01,X0022P1EDT,B07P8VVF1F
UMC0171F54T00250190K01,X0022NE8OX,B07PB1Z936
UBC0173S60T01110000K01,X0022Q6O47,B07P6N3W93
UBC0173S54T00150000K01,X0022R1OOB,B07P7S3TJ3
UBC0173S63T01110000K01,X0022OD875,B07P5PSZGB
UBC0173S39T00310000K01,X0022OD86L,B07P9XP45Z
UMC0173S60T00170000K01,X0022R2V11,B07P6N4ZZ7
UMC0173F60T00250190K01,X0022R2V0R,B07P8X3RLG
UMC0171S57T00170000K01,X0022R261V,B07P7QGNQ5
UMC0173F51T00170000K01,X0022Q6LB3,B07P9V3C4B
UMC0171S54T00250190K01,X0022OD005,B07P7QC4NN
UMC0171F60T00170000K01,X0022OD0U5,B07P9XJ2FD
UMC0173S42T00250190K01,X0022NE933,B07P5PW578
UMC0171S42T00250190K01,X0022OD00F,B07P8WRSJJ
UMC0173S63T00170000K01,X0022Q733N,B07P5PVBSZ
UMC0171S60T00250190K01,X0022OD1BX,B07P9VBVXP
UMC0171F63T00170000K01,X0022OD1C7,B07P6N84DT
UMC0173F48T00170000K01,X0022R2UNP,B07P7S6X9S
UMC0173S54T00170000K01,X0022P8JU5,B07P9VY28S
UMC0173S57T00170000K01,X0022Q7347,B07P5PW1B8
UMC0173S63T00250190K01,X0022Q733X,B07P6N6LBM
UMC0173F63T00250190K01,X0022OD1BN,B07P8X34G5
UMC0173F42T00170000K01,X0022Q6YRJ,B07P6N6QV2
UMC0173S39T00250190K01,X0022R2UNZ,B07P8X2988
UMC0173F48T00250190K01,X0022NE93D,B07P9WVF76
UMC0171S57T00250190K01,X0022OCZ6P,B07P9TSG95
UMC0173S54T00250190K01,X0022Q6YRT,B07P5PWCXD
UMC0171S45T00170000K01,X0022NE93N,B07P5PXPG4
UMC0171S60T00170000K01,X0022R2UNF,B07P9VHCH2
UMC0171S45T00250190K01,X0022P8IOH,B07P7S7R65
UMC0171S54T00170000K01,X0022OD0ZP,B07P6N736G
UMC0173S45T00250190K01,X0022P8JUF,B07P9XFD6H
UMC0171S39T00250190K01,X0022P8B0X,B07P5PXTC2
UMC0171S63T00170000K01,X0022R2UN5,B07P6N5DK5
UMC0173F51T00250190K01,X0022NE9M9,B07P8X3NGJ
UMC0173F54T00250190K01,X0022P8B17,B07P9X2LB6
UMC0173S39T00170000K01,X0022R2UMV,B07P8X1D39
UMC0173S42T00170000K01,X0022Q71SZ,B07P7S5LW4
UMC0171S51T00250190K01,X0022NE86B,B07P8WLCW7
UMC0173F45T00250190K01,X0022P8JUP,B07P8W8L5B
UMC0173F45T00170000K01,X0022Q7333,B07P9W3VZM
UMC0173F39T00250190K01,X0022R26H5,B07P9V3PSP
UMC0173S51T00250190K01,X0022R26GV,B07P7S6KVR
UMC0171S48T00250190K01,X0022NE86L,B07P5N7MFC
UMC0173F57T00170000K01,X0022Q6YR9,B07P9VDBH9
UMC0173S48T00170000K01,X0022NE9MJ,B07P6N6YV4
UMC0171F60T00250190K01,X0022Q733D,B07P5PXL95
UMC0173S57T00250190K01,X0022Q6LBD,B07P6N6SN2
UMC0171S51T00170000K01,X0022NE8P7,B07P5PX8DC
UMC0173S60T00250190K01,X0022OD0BT,B07P9TNRT4
UMC0171F57T00250190K01,X0022OD0C3,B07P9TKVJY
UMC0173F39T00170000K01,X0022R26GL,B07P8X2G8W
UMC0173S51T00170000K01,X0022OD1HR,B07P5PW8MY
UMC0173F42T00250190K01,X0022P8B1R,B07P9WK249
UMC0173F57T00250190K01,X0022OD1I1,B07P9VLXZZ
UMC0173F60T00170000K01,X0022OD1IL,B07P9WQ233
UMC0171F57T00170000K01,X0022R2QLB,B07P7S6VXC
UMC0173S45T00170000K01,X0022R2V1B,B07P7S6PH5
UMC0173S48T00250190K01,X0022Q6LBN,B07P8X2HRV
UMC0171S39T00170000K01,X0022R262F,B07P9VB28J
UMC0171S42T00170000K01,X0022P8IOR,B07P8X3DMG
UMC0171F63T00250190K01,X0022NE8PH,B07P9T47MT
UMC0173F63T00170000K01,X0022P8B1H,B07P5PW4LR
UMC0173F54T00170000K01,X0022OD1IB,B07P9WCCWP
UMC0171S63T00250190K01,X0022Q6LC7,B07P9WLF9N
UMC0171S48T00170000K01,X0022Q6LBX,B07P8X4B6B